34873;23202;0#VB*1@jby8nAX6iNxp^
91974;28768;^FPuua%8l@QQv$9S0mxI
45538;70014;(1]&[YTQBjotk$eLR*4]
47544;59708;IIn1XjvA%8C%jGMzBf9O
2940;11792;fxK4Ax0QPR&YHsFuK[k)
81980;99011;ul&opOBICFssq@1%BmwG
21703;52253;D$Hs9WXae&z#ipnoVCU[
30731;72778;eohFUG*Rq!R!U1YHggz[
85039;78947;1WzFU5l^OA21XaHsRZv3
94457;20114;AFTp$XKkZKtu%B09TCGA
8190;70990;s7M14#fgzIw1u3pjuiF2
40041;51321;%!gIKzlx[j!2)Q53QBYj
11734;43042;i26XY*DNTVE$OfeLUxvJ
38747;76042;enjj(4v4%O44)3hP[Ijr
58558;72249;F[tF$Rmh@&gRrL4#3qez
10360;40146;4kRbbtDprC$1KcQCiza!
37970;88893;Xw3b9eW(^T7UJ4YjZQp*
41977;47497;v#iQ[T6h![$W@Xvn)uoy
24986;14496;#l6a(Von99YCsgWISZtQ
59720;96546;^UI85sbsIG2(7@c@7JlE
17860;98918;1zasx&m7o84l^(D)^S1X
61237;97064;y7WQB15dIw970xpN!x0K
61159;43213;#fG$lkGJ)pvkkVruSZ0(
57478;41846;oQhL$[a]FLeHROCam05#
53349;19584;Omji%#DzvXt7qNX1tJ4q
56153;42189;%Ywm^]XjTEBDRz7r6tbo
92111;90719;jXi9k3mU6O7Elcus9CL7
91967;71399;]lhRls@L)1ZcS2*56l85
54065;40754;Tr*zCDbjB%jk!y9AFzr#
5523;79875;PHU^$S$DVChgk9onX)DY
26672;53447;KfXNa6AbLquqv8ayBlTH
20785;40729;@JYlLYE!e]099(5gall0
22560;4924;PbqSV2A%PnrKsirk[Sj&
32971;21903;z9zn)zh1ycap)M^@1zGq
10935;95672;%q!dXcKt88fk(%F^zyaP
70169;17090;N9rtU6i5zR]c9r8VqaL]
25918;51654;krl!IX^%dZ6v3^go*NLF
6669;92826;DJ5Gh#e$oW3XKz#Z]G]p
93944;12824;M*w@C@pm$ZkWWQeTRi(l
7121;22727;n0W6J(P0R[ZQV1a$ERCF
71417;66613;a*$h!EYe57dKxQEtFM@@
765;86582;GCccqgdYFBKGJ2d&OFy5
69226;41230;OK)^ZejIPTTrftcz]9EV
25828;24555;z28X(u*HY]bEzSkS19L1
9942;12686;xZVpwt*C$Ba7L292Usan
9259;96703;DddC*b@!8z9N0jVhPnVM
4852;83178;&BHKJvDek#IMb836PFg*
21637;49547;ld2CVLN6JJwXfwE)EiDd
70937;64812;^J^0]DfBhAHBDpNzrVc]
92459;57359;r]1dlxjWw7VDcG8E5JX5
13191;94797;Z%LLZ2(kgXkdpjCoErYI
70660;22583;FRDzLP05VL0CjvfHP0yM
5406;2860;YtI7f50^wpgbFPKc6NLn
76784;93191;z7xb&c)2^KzCRCS0Bix]
82271;95717;WoXCvqxmmcMsR3K9&(Jv
91248;50832;%@z!6hjlTD#Zzt1vVy$2
96761;56332;^2EoA]q^cKblAjLpjDQZ
95549;37425;cl^Z]y$b1CQMTpY)PMvn
53028;50925;0mT*p$Bhlu]PJ&%RZ@Du
37847;6955;FDwCn13G73aK$@HK%0rM
95306;1358;]MO]HvRIkr%&8NC#OwWY
67563;32421;6G[!sC9*OnFUEmR@KDTC
57300;16317;Z*Z05WhKT8sEs7Rr1VeR
22815;61611;R1#A$5R&#W@)x1BUXgdG
61257;86332;ganlnLD!#oh[ICS5j)mc
76564;36662;T5vEX8z*&vYBQth4&eN!
29559;22334;uer*7W5dxToKYl9(MYd6
48067;90315;)k7WDJ*(m)$AnxKMVWR4
49455;99252;aIRi5OYOGur]]VA1)2Kp
23929;73531;(eWFJ3x^(FPd&bvDRxk$
46168;49154;)aWX8]Z]@w4W1suM^J%D
99898;32602;oU2]Ws1@#[tWt3RBhdtH
62834;23377;MT8)5BT86d5rkYY[keX0
58783;39280;vOU0SNi8*4cB8YuouNMY
35042;65871;Ru*fn$rFhXP&xb^6t&lv
11088;4777;Aj$@9AcS(nYOm)k9(HM3
48207;29040;#qWXIwqQiseFjeCe$id(
24326;93793;ul(hKEBbQh)BdrulxZ(y
20510;58288;vg9yFENmmv8ywxxY[cTN
71988;85812;lK)rS)Y$[x5%mGI&QWj7
34111;43454;M9bvcqK99Fp]iadXONl^
56080;45239;7^#Z2S6&DuWmRhs&&4Dd
88785;29822;43@N05JMTQcv#aYRqJNn
39917;42462;5UE%t1gmfj#*S6ld%fUX
99283;69635;3%N2TsC)3Mf4RH%k$L0a
51608;51590;S9yrNSbL)x3Bu9eirszt
17457;3730;@xsF43K%3rSH2bFXcG&$
97473;68453;mr99ZT0]hAzo)d0#AAu8
30968;49685;RcaY)b*25LUdBq&z[qU]
13766;31711;(7op7wGET1VegP@m6]f[
79088;8936;CjV[m4H(c#($Pcyfu95T
56221;55300;eg9aOzMLVGd#JTVN%lZ*
94050;51232;E(#Vyn(fI*&AfTkFU7ut
16425;33363;LNfZYyg7Gyx4v^k8#IWR
97606;5726;H^b39&vjG]UY5sny8gfF
49261;18195;Bl[7@MX8n!7uytX@yM*Y
64026;39486;6GA!He]o2A&OM9wARKGt
69642;29593;Jit)O9WIBHG3[pbyagul
62778;72448;gBZpCCNWy%15hW#pqFqW
74016;98993;CawFuWPvxaV4MRmx&WyY
93237;36706;GKqz7ps]RkO6UNPAGvHS
18620;71911;r5F##wS0vv*8*lxBCnex
42087;80606;iBQg]V#MnwzUCIOxneP!
88579;89846;JTgORKA8Sg1AF*%5SOL8
55128;69741;z@UTKS3]h0d#mwp4]^v*
17983;82575;2!c4FxUw4xq[$)Ih#gsX
95738;77955;VSOP5E#mFBU%XDqMQp8w
79292;91777;r)I%nP!m1Sfw(OaQ03QZ
89484;90220;Y83%]#)Z3D]#6Asj([Fc
46130;26403;y1(uLhvJcSzCq61URjuo
61333;81224;py0Wa5j]f8#L5Y&BVoE&
93245;4541;5#2t8%[3]mIXSNQgzNZU
94657;22287;)3&EgjO^OeRCOJqRH]&D
6641;9922;I#HJUkGM$iYtxk&uVGR9
61212;20952;f[PmHi[]Daz8eehI*DzH
58423;85452;#wJqIOtDvFzRwTpWmzD^
83884;19846;T#EJ2$CP0K@[ZrOmdEaq
22815;17532;fdiHYN^w@0iq#U#ypd[f
69064;1817;@f]qS]O#CG!mHW5Ohw&]
67263;91320;%naQxjr$Yi5B0bkYbnz2
22346;10745;(kgt^Jt53buLtvEWhxWZ
99482;96332;aR2reW1vpD#F][XnasM4
36322;26540;MMt(h0yq^Ky17prZRRTr
46002;98927;RQwSW!78Z8dp!9yztU7c
67095;11633;PUy[dNka(i%R@VVQMsr&
72814;94497;1HdD[nEG1pY34*Y&5#DE
80431;81278;R7PWypG5oIh035U[]Ini
67132;3456;@4f))T9ensRG$s4*AOOh
67630;45123;PMgPU(ces^oc9wOt[thS
47869;6707;WlyolJ5h[)qKRMI&iM7W
96625;36285;%^jcjx4Yfg7XH3O1PdV@
30421;19735;dSxPp9I1AabI(cz5W8L2
49097;14578;wowC9BBah^YvkZUegtyI
28404;63732;MJbQzCf2M3n%Cj#sN[fV
90215;58596;FRHdbK2$H&@OPW4NGafW
26412;11163;42V2gMBnGnOoDng4cJde
79352;31003;Oe*fRK8oKMJUQx)xSYBk
34065;53240;dcx)pFrTsz$8nVTPl[gT
56811;50232;ca2iXJRKpmM%2353y)SL
62117;12599;2qVSW^E3qK7!$EI^K[i)
25104;24829;(UFT2#0GBQk)1]OQRf$I
61730;35375;oIpunQSUbTqU[p5073]x
94584;63676;abUAKLRvJIuC4cC2DH8$
7794;9313;B8XrZHqE*)Rg]uA5r5Mq
22162;54470;Y8Ro@unCR3yIIH(r&]tH
68786;23273;ExY1kjb6Lh@4(BD5!GiW
67198;339;8VyzbdxCRGTsfV@^FTmH
1610;84260;SVml6OjUqLzdIvFJ^g0R
74737;92693;5bMNF*z)4%6bKy2bAD[t
3372;34143;onue4]RtaTF00gfLlsQU
70028;77719;i2YX49xfC$(^Pv[Q!O#t
34734;32830;5A5ZKPLFJS4*hC4!e#y2
160;43105;3Vz$FrTOX3RYR[9E&J3P
62034;77286;W)6yWKFT261%LkOk5V2I
48726;11338;QSM)MQKv[3@Uz[9]4^V(
46530;35464;]^srav1XP8YUH%Tl&$tr
80866;69480;5Dtg&8ISH6DxlFqg4ugv
40490;97798;!i74q4P9OcZFzNh!OABh
10295;2422;ExO1m9qfyz$ZXgQn&P2L
34284;60844;a1v!41tY^iH3HlGyZsI9
42481;57461;GQHB5Yi6jL0yaCk1MJvq
17487;21831;^U$H)(%q37QRWvx)b]#t
7149;50796;zWjJC^&&ej@MU#PC%jFn
82541;37378;J0Hl]smT4w6Us%rWZABm
11049;26430;]cB(ZMALU!2[(J(V3kbB
29977;33493;m$UajQ)eHLtkAYUp1d*&
29534;6202;Rnaf3r[rNxnjei0A^BS6
70767;88735;#hm^jJQ#g6zm7J3U(hBW
25936;63094;BSc^6NiXgvoHo5*CuV(2
77135;96653;Fzvlzg]Vg]sVHae81j[@
57871;96643;V85$Sz)RwW^TdxGsAcxr
70387;19624;a7jlo(GWOYEvVCLApF!v
97564;1546;PqxZ[i3I85m9FS&CpFLp
14341;39906;v&3[Y&HtaTK6nBGS!diJ
52457;2563;9gFqJc%J7]T!vHXY)HTq
37801;56204;%eEcWRTg2lBvUoa9QzGf
32073;82709;t)Zhx0dpKIA[g#SJw$iV
3893;56627;PWub1nZSfiG1u7jLPdcU
75483;29015;VIN*NO8s8HjK3s0Ffhmf
90071;72988;my]tvzO[wr9Owxs8y)^R
78370;60624;oW%cKyzwqn8jedzef3zy
47030;55253;4]Ef9A5@KGj4*cbvWNaF
34509;21860;%TLj9HKZnBTuqIHm^%pR
36847;73382;&YAgW17Kjhm4G8Xq0ZE6
50848;24860;]yvba3iwe1HLCWkw1f[&
83938;72144;TlmPGxC3T9*M2s)*N*vU
60285;31933;$t0mY^Yzlv0VZFC2bg@d
66412;45398;1BUhyC)Vr4!WY8HvC60O
1739;70764;C1yYq47!tY*OFA@coGE]
62364;9319;CHjXc4rOsT4c4ac&x6&U
24554;3028;rHoR@wPSuAuj^A2z^Y#J
88502;11313;qUPuTp3hAd$v^Wx7n5aA
39665;2052;QH[10Y^JfN^sa6o7!#6p
54439;94315;m&QPit98FqkG8HcRh40P
40774;11678;av^6#rQUQh#TvxthXLFS
47956;95271;H^zOlmkr#3UMRRa9HeND
4329;75919;%WOa)G7OCkfa[#hSmvTj
31035;19935;n^rQgxnN!WClkiXV(sTr
87438;33413;XgFg@GuEjDJKNrTbBiK$
97445;19934;0rnmCh9[@v*U^wx^$nBe
66177;48628;)7JZNno]ElVoR%rgbFGC
27918;89933;rvqVkQZroM)(qXlX@t$X
80935;97148;J(xKSaIcyc*q)k^71&IN
38162;58571;wu0RLtCB8aMfS@lydg[N
37743;81103;FQuPh7jY$gvvkB[&MMp4
72910;69181;B0vzrSMUpdu7ruQ8GOVU
84946;15373;5mh5dc^Ov47M#H!c699R
63929;98849;ZE#!BArtRVqv9yy[(Klq
72819;8114;y&64(fN^r4RuO!Z$!%(E
75281;21411;gE[xy$mGub@&2Y%eZtQ0
50449;77694;WDjUpfC)jUnd!17W^@q)
15093;89202;qwqYQPWZmXM[0tubbJ3r
64628;72498;d6pj#fmb(swILU9kO!4!
48026;66755;rVj4c&eP$FON]n2qtb%e
85515;3104;*c0sJW80OY2SFZ8o7BiB
91640;9087;i$7(h&zZI3yrFN9RFrN&
18387;20207;5gG)P(4Fs#2nGpLl7e3&
3107;12330;pL4EBd%GBm9OAGx2nKvo
4514;9339;ZKjVHjVX0Tt8Vb[uKBKC
93248;13152;TyFp3cZs&ZhkR5qZeofK
11993;60704;FrfruVn]f^8hXKe]2gxL
55440;62053;eQtsV3n81P(j6FZCkvmF
23015;83643;MQ^J(SKOh7$J$s2%jqLe
14859;58309;6GqWPqc$!W!XLS%R$al(
6993;69749;xWC$7hppvfzTsjLP3x9k
86158;71059;#gO]3E40(#RO8wEt1MZR
9979;2409;4$nQA75vxCv[Im#G@[X^
12438;99092;@c*x!%lrI5^[Z9cJ9X&p
51226;94045;Dgon#8eadh[s(S1dOJPc
68480;71873;BCaJoyHs%dQhyGXV%eRI
7438;91317;Z$nYRTSXeK2xezT%m)mw
16115;72;x3UMt0ylKC&ILB0I5Sw7
46946;75790;^&OSJwlNBRNRyT3*iZtD
99905;15313;ceRiOxBzdd&4S#a@T6c#
61717;6579;MztiMXA0tzO8d5EqLHbF
9019;6327;1^3rCr*9!r[jvAoK4g$s
78532;67683;8sw]542&[fm@9hoGVG)n
68487;50390;$*!2fVKdcMTVNAZrkOP4
42192;24715;j*Z2L&f[Ae%9$q3g(bYN
95024;4883;pfDGO1CS4Xt5WGWZcb74
36458;29781;J^1l@[^rF*uyQG0^s^4X
77037;75029;VJq5vEt&a&2ZNNb^#%z%
72312;4649;uq&o9bwCDZrnQX#qK0v)
50661;47144;nEQa6w[&3DnOX9!9qbHU
8112;37364;P#Pv$Q954II@Lc((V^r)
83084;32807;F2vc&vyIUIdrBahh0G#u
56031;592;B$@Xv@tT2Vzf46U523bF
85790;96418;aH8II7IMdmV!6X)DXXGr
73237;92821;x]Nur)xo6OZ6l9!Q#&o7
34069;59025;&G&GRcY8#7dUWMIR2AkL
22010;59410;4p)y*%#kV0gJqGl4nOix
58100;94961;ITKNAmruVhWy0oLF2aX&
77806;16819;DehNyypTc*(!K2vS8sqa
53531;44272;voN1#*G()!PWocs2t&me
4242;75297;@3ZlDT4oYCJn0W%BKo@6
1927;41857;XIh19h$7!7crca@nVJ&k
73745;38088;l]JsaU%FCUGBIp5%edQH
11946;77797;B3pSluM03jX845RT9##4
45252;77732;P8rslK#ynTfF&5O]j^KE
77366;28955;QdLPvoGVo@JB^E[8YxFO
47511;82970;*sLu4Q1T2(S!sMpWbJZO
53068;21372;r2)MwQihC0GCW#c3THv[
12769;43755;4Z)XxTtq1C[TNVjRLJWX
926;36939;8m*N56zt6x*(*1CbUO^W
43724;62054;K*3#Y(hEuvTN^mv4OYdZ
122;94875;Hqc5pm2*ZaGuQik5CgjI
89748;31382;$HvZ$pyrf(iJRWxSi8Nv
12734;4734;q%M4Afp3TTLZo)FOjE)A
21154;62446;3TSC@t7!jW*2lVF5ZGJ5
2593;57241;eZq7usVC#tQ)oTrnB2R@
31624;20271;GcICp!PbwUopw13#t4cI
47759;52605;nbS59kbULJhjyhmZZaB0
31779;70925;pUFh*M33PU&pk7xKWl1I
34640;34701;Wt(^n^]2VwfIcWNmujKv
13325;71646;FGuG4nb@n^U0cN&LMOLX
14510;73531;Tz!X5YHbWgcWsp&kbDHA
37867;68950;$p[u]$4Ot$U[iBK4L$RO
67060;88832;qHVPj)Z12&DFzWZhBZGX
32816;86182;K@ofOVl3AA7CGx%%!idX
53293;89051;fzs5edqP)8$7Myu^X8]M
18553;59177;0m(UHpHZK(DHKEBSIjEB
37287;19229;wqA&Sgb#YX94MCEg(v$u
20782;63029;LucTT@CHuk[XIv5*1iYW
95740;12231;sDPQHNZJFc2*e4cidonT
19329;22313;yeQV(]UVONcp^oIO3MGa
96362;24056;oBo6rEw[kHZwx3pBefid
65132;13113;%$0b)a[x&J7XOKBIivEq
55014;24377;kwTm#ZOtTcp55Mn^G*Tm
13518;58464;%C$dkW$JozmrIrJzzc]v
21648;69929;KY1Fw3dbV]OPyDSt@tOD
35864;83119;lnDhQI9bj$d&PzIj8hz8
64018;4058;GAwI[3)r^DmllVBJp0Av
18961;64243;KZ!%SW7$xkpvC7h&]xlV
64170;45221;J9e)rm)QUr8w#a1XKvbr
89648;45229;PhuwSnf4fUQh4ZN&YK(l
3895;34615;&1Aj6UTjz@iNz1zme&lB
57191;45154;7[TKi4bs&b#[vnvr50KU
95585;37027;%KIxn^zSwbXH!PTCl4Uo
65680;72098;6IoSGY[bI[[]k704#axS
39215;41136;P9SVBstyu[7om62ZdFFm
95585;8590;r]@UCm1f(8d%TAh7JwvZ
85068;49082;O$3UXQJN%nFjiQKWKR74
27888;91657;q*A@K4D4rETue]kFg3hd
36533;31485;RL@qQ%0u$Jc3N@dhkV*G
95627;13254;&w@QKmA3j)D(*bg0a$i5
18592;4865;IMFny!aFtQ3BaVvwZ)]N
6699;82906;uDZS0E)Dtcuyv7Q8F*xJ
24278;66669;AoxCzbEYB4l0vY1um8%%
47717;89322;*!G0wCzGK5ng([IigmvS
87648;74332;fL!PW[UyXlnyIQVwhM]p
45984;97906;rzUJZx3M5mR4FMWmE#B]
46449;76711;fP*)El^$j0f(NT9ZlP2N
44762;57764;HK^mP%AUWU]f7)0$PU]p
61788;80223;ea*[5d!lxlbFIvnF6o1q
74587;38034;[82iiB(35cY2cLsUMR1i
2130;43851;Oviri2^[DMrkjo#!*R5g
52380;67065;gaNBVBV$6l$06QF2toLB
41604;45944;hPS2Y6uV86llTzdbr2$W
23815;98158;gymj&q#4!lUbnyd0PZgn
2256;2743;Vwf0e]l%86fmmV&R5uMJ
79546;46525;MaNoaL5fRNliVOTch90s
40818;35716;7bR[T%e*vZyI7B9AjZcS
67972;30979;v5EW1q^C1d@WhHMTCZ$i
66573;20179;Y&ESeZYvEMSbCgVTD1(O
40758;85800;OV5SOPvm()ravh3#TZWl
12972;96319;xE[(YH7pVA$EpD8]OI4g
97505;81889;HrDqv5RZcsjtxlLlNzVg
24892;11707;e*ZnM1!YYyBr(VN#cY)q
11564;17134;R!o^n6jZYXR%YWnKW9Vz
44614;37851;3^bGtk2RE6ml5jwhAQv[
56276;75908;rol3lLvwYl#&iBKdc1ew
45398;13681;rhd(1weIHgAIzZ%SUMIs
71436;59872;$OHWTOOiuSA3!9@]W49W
97675;55619;xDA1Y3apo5hWrJ^0dosn
83274;28477;O&[b*v3MBhR9FK7AuC0X
26876;61385;b]J)JFFwCEAga)AqIy!K
65759;77949;1kcjoFVitQLD^Lhaf9x6
45106;17062;[#iN19IgGBSfQx)k]*uv
52468;76400;oex7Se0h#$7pD6wLy2%D
58753;6163;IPjYIqJsGsGGl6[8xnbE
41843;48885;6)fOY9Pj*)e2dUlyhD)b
10019;71788;Gkk$B)NPchCIs$hY80bv
16830;80172;q[U03yHKGtQy^8xHl1$T
93734;63104;BoXC1qt*kl[jUE79]k1X
76616;44584;0D*YNJYMNtYoaghJopg@
94110;67080;nLyh3djhFWgJvafUqs(q
99179;36702;3INjPd0ELiwsnqMV^0yw
36435;71642;ZrRN(rnL9skHpFRxOP&m
81060;8488;RU)L6FRr#Z)%X]Tj4*L^
23393;63822;jMRyqsLpnwdX2Uusemrm
33719;90061;N008jY4MRatA6sTGTYy2
68811;95669;qYixORBS5uovD@rh5@*@
99150;1779;@YyMdb!6b@N%Ys)CTJRP
51742;54842;WyYM9yIe9!#10V&tl)3e
49562;56198;YLZ*(![^4]]Hqk#zkTbK
65264;61045;bES8LEs6qHQH2&vpTjR[
61362;38513;R9#V^v1E2oKc579IJqPU
54690;48768;T8H#zO1g(j@!PqRbA!^W
10908;55161;eRsa7oqRS(eb3uIFO)tQ
55853;44360;o$dOWGqV[rR5aGG(yh)A
19296;86569;mRPpH)#&ISm9%)Ti$SQT
64867;2998;0dNc13aI8Ae!V8JWXfKh
64209;81877;sSAIHF[W#IV1QTC6c[fW
6132;312;ER)Sp1%&Emn*eEsGJcaH
31430;61520;YMEST$DiLUG1ay2%4EkR
97038;49857;g0PNDiBXKuC2!ga[RDbg
74671;17941;3)!VLR3N#bIWq8Yd4APS
37974;63880;3inl3pp!V2[9g6*FJbIL
47717;91641;w&UTawa%6QmVoczrF6iv
63122;94293;%)F84(eT3p7MV3V#UaWs
55865;22961;q41QTYE5na1owt3WEG[z
12738;95889;o9o84ptPYxgm#@5!XBCY
2959;26661;D8!Ttfs2qHZWQkJ^kVSN
14368;54052;QgMlmRo4HT#J5p*OjgG7
12833;19931;%s)qg$cO!0@16LLdkXhS
64354;18338;z7n&28#7$0XVUmi55ePS
86845;15093;49zDBO#znq6qnyN%$lKs
87206;20688;jj^NO!k5YBU$CqpULkg[
26466;52633;QY]8R*QX]M$Dzuz%HhbV
88296;33741;2!2Wxm4]XmT]oq^JFcDQ
27738;12937;9*nTIt3S*qBnmRgX(LNf
16987;58682;vB*mHdoJ)9RjZwhOUttd
73808;96188;nkMW@9R#iA5ujosKtp6x
80045;50235;rya6Gw&8XihQVyk$y%0z
99061;77358;7jcAfRyhMe]7peYzHgyL
92556;5710;@%gowCGFQonfqZ2#C9hh
53392;54703;1#udAb%HDHhO^TKLf9DD
24588;76463;QoXoZe5zcBnmGyLZehI2
99911;18809;dT6jc8%rPg12[(kFASR^
51273;77492;nJIY]Vgi61RVCtm#bC58
3455;95976;vV5JM8uh[Q4T2oAb)B7a
99982;85307;gBN0Hm2[&uFAGt#K2UPa
39790;30892;k$ndmvTj$y)EoHU0^OKZ
2202;5193;in@TK!&Fw(0geMPk0w[o
47685;90458;V7Dn#Ax0NGuwPRvTIdd4
10782;90553;dBCCF#*5T*^fex2*yY8A
67032;91638;%Q7kzjcBe3rf0V@QgFVk
49404;64137;c##YDUL%jJ@8[dv1VNnb
96703;70367;T7P)PGIdssDUt$g$%e2T
1829;49239;7AzQhceW984pcDzwpmjg
90172;39402;VF4LUh5hLvRnzdfELow%
92491;95327;&7W]siv74CiVk]hm!%8o
34595;86583;EAIn99iU3xUBA(YJb1yM
97654;40510;LjMs09j7i))d]FR%8$Lo
22018;37161;7)PyNMC$(H!iPOo8#T*g
10153;85621;e3PbkU#o^fqeoG^IW7$d
64192;96355;N8gGCaW6pekfPyxUm3cd
53491;90547;R(!N))kLuVMWEyK#IqC6
32254;60631;Z]qUBM&!T0EYD]q$(xX4
91801;2875;F@LWwiod90Zj9[)x%)s4
41601;45423;9s%*hEE8rqhUReCqiV%2
65840;54592;VtUDkj*P(]rX[f8kK@sl
28186;25752;oJmtn11o9xWsNGjxYj$e
75342;42603;j*k9OyxznWvON^RVi[FH
49271;9817;iUU$f0D*oKtqnwnv*(Zx
49991;66594;@!ERChJdF47LGsC&lGYL
38155;81192;sLVWT)E0DaMzsmxRQfoL
45943;55682;hz2A1TxHQbIX7I5CR^YW
28433;37910;40E0k)pPkRn6@is(l5@A
91021;21897;EXsJapeejDmd&HP)tYo&
57813;81916;QcfXswifZI!Bur5]n#2)
61657;59175;rUo7z@KK9B^1L6xSD^)]
30900;31900;F*mmLdTH0%zzh&^1xAl6
42315;17354;T0zfiZ56AfzKY5%EsGxd
22994;49723;n!y5M2Vh^J05@HMZ)g89
32171;15833;*M59wPiy977inJqwg^eE
23656;69526;!EIrETbhOZ^B7N0k&zv2
67715;89142;eZYAC^uQ9J3ZV@qWzLMd
66479;16683;h(bR9cWKZM^WnaGinx2d
92308;6177;1amyG3DLDxSpR]Fyt9yd
75404;60541;!09vGHCrPz%4vq!3Uh2U
19280;10902;jRbaAFf3hCpC(U@lZOTQ
69876;76538;IiIGfgsTAD77Za0CdLW&
7822;49358;bfkeLjhk@4S!OGV$ca@9
74698;71671;M60)svVK7Zo4g@GJHeVo
48896;20898;wh1xcSiae8ki5uDk1DDO
88010;65436;KnYb0I2BtFo3$fQqYo@8
94140;15979;nhw[uMiOdE)lYkuObXcY
89741;91337;pP*n9Us@5zQu#1F4M*!K
58673;37397;ay9!fQkTa$x!p^dzf#6]
79710;37383;ZC3dY[76oV35qw8fYg$^
93496;61361;2Djr0xs1LcEZs6#NaXIv
18403;94686;(Cp&PU6ufBEyEUw*]5zk
56423;62347;qVlO0ji)#BtoEB[Gx(ms
9795;43676;Naunf9z0ZnG(iS6Y%u(y
8459;79965;mxUzkKqZcb$GTCLgTC%Y
21372;73164;$*Ut[wd!WHjVo#wI8*@7
74896;74774;7i#OVGRYEZMyyShx#lAP
40057;71680;Evz5FggFjle@3cWuTE&8
85826;57218;JTfw6MB9kNegyrdAuqD[
9919;87553;(1ln*ZQZ!Ld]ovUEU%DH
30957;77662;3lXp16Cv6JTd[K(%7%Ot
19865;84728;2H7q!U)tlINGf&TI57e]
69981;85661;FAHhS&5@up5Qrqnl$*F]
56180;71691;xuNY%f3STl6tcIrM%%db
72297;38920;QSEEu3#ka1#mLei&dp$(
20807;77137;YhSgyE5j#6hXbV4jo$ZZ
9030;73362;j8Sax(b7rEZZfpWwdDOA
13830;36100;)r)aAqq]RXUhQdg5hhKW
12380;83797;5usNYD3MrGBP1eKKKqWJ
3968;25362;X!bcMm2ui)WHPw&guz*[
92213;46061;jZWX0iJvcU&hZKVXNETx
86075;96328;GECaA6MSV&B*nVKwwcWT
54779;186;wP7O#y7q2pNk(HTyx[gD
93606;36599;(s2OpA0f3kqOk8)oVFe!
16026;29285;TOFLJ]KKOMfPvd5^s8wQ
6308;49101;HLzz4hq&k]y5)%LwTco0
85887;48959;fafD@$e&6RuAul)nIRKg
96625;54823;wK58#j##*Fo$9T%TwxO9
13042;73349;TlWA1Ibd(rxZE9U6]Z1K
94925;44231;7gg]N*K5GD1#ZInLFm^c
90814;53037;gfw6FpehM@Gq&]FT(aJb
19790;63008;tIaC!TZcq[x3m^]jY$ve
44783;20494;chJb6w#qukgAgBQ0bRk^
9529;30336;a^FTGu[96(kSA$xxbvBD
79122;10991;0X90F[yxjr5ESO]pXW0b
37590;59662;sj^mCf6p38T$l2NhH60G
53807;95229;Lwv98EFqzGPPWKL&H]ae
70514;67655;2im9h%IF8GSl5tY]3m&S
95055;38957;QuVR[Kf^joWp]DGoa89d
356;37781;X408n9ZzTOS5hJfj%7h$
14882;47202;HMx^OWo$rO52oJ]2Nfw$
26499;46165;NuqRPmorBCHqSfOTUKou
12145;91620;xkTdjhv@l&dODvwAFRLC
56390;89744;yQa5i1UDlHIDk6vtRUe#
15304;30657;)e6r8]h4$5v&KPd79tWf
77784;56880;WlAyKede@rlw!vVX&eN$
1658;66443;06VmnIOfGgSYAOXSqVz$
91143;33216;nqFRGipqo^Wp]qwrw(!n
30176;65820;hSYvC^Si5]BgKG[I@P^D
79114;89607;5$z@#J5Xy[L@]uK3jic3
17328;29430;ClkOK6(!(X1Po8%vZms4
71900;43246;6v0]D!5u8[nmpDY5]^Yt
72570;39164;^mPWY7sTfBywenk2@)8s
77923;73713;Rx&tiDt4[Jw8)c27&nYV
9098;93832;8qPxZM36LMKThSzQ3(d0
26910;28844;i(h*Bb)]ku!O4*nx!aXT
65455;45425;zgH9Nrg#HnBm8Hz4DtgF
77906;76998;b^Fuey98QPxAfx7QEOv5
5180;76176;)6MPupk8]*!TObSrlUX(
15086;52222;02SG&M^sDYaMkK^mCIhF
16339;18550;rJ[iir@k4[74%CY10jqA
42041;57670;tFiTS0dqHL$jsuRx%(2A
9301;23572;HNYOq2lq(#ig7l(D0kHM
23482;78787;KtTD38uObYm0@sPF8gUt
17360;63157;%@P!1V]H#ik9fbkHeAVW
54500;61061;6$V9H9gMvF8%LbY1NwwA
13154;36466;3JaU4ZtahR%l%BLcWf^T
13497;84500;6C^5NOXfUSA&5dqZd#^(
47019;76263;i@ZFuyh*hLtlEW3n@qoS
98245;46576;WxC^Alp0BboWo9l5ftRl
58522;12996;L(3%ueBx&JrBt1wEdhzr
76756;6369;qeKlidS4SORu5!UCQ4)P
59603;80060;(%UzgJy!lCCHW4n!waZ[
32775;81575;KxUQViEN%KgA(fxH142m
51217;51516;@a%6JXmBGOnue[YCl%Wb
62864;81000;)6E*0#mLqtVz2bwPG^p]
41102;59763;w%EYLrFNT!3c9D8t!yM@
47681;61753;jUBM68#bkMa!$eIOmjow
1225;72742;9ZZNTEM!IqQ1)k9LR0f6
42698;62215;QurSm*3KPuj6ibsq90!5
46637;88753;x(N2D3ywG4QHWsW@NWZI
23881;70935;jYjbSHW5rlGaBZ0(nVvT
54307;45313;e^aPE&OWcO1uExOBV1tP
73955;61694;*NknnjuHz]^#xh6Tw!P%
96283;43982;7Hq!hKQQun#rjr5qavoX
20017;4145;K]@hg1nMk0z[vu$sISxC
91708;79782;oI2naH@)FHSEJBdDtFwI
24004;99097;ZV*6D2#TlQ12l#@v7Y(2
73845;68832;HCd4PYA[^OIVL8TUMa]F
71939;38108;z$ox$GG(^(tiqL[m*1F#
79358;16669;&z[yEFgHRu*p!6etiWIN
56187;55513;S[N%pGujVv(4&Oq8PxF6
58072;38340;ihgZ)juQ8G@dzjMmwRu6
23770;28427;F4w8g!9$EX*MP%!PoBeD
44650;92187;9mhN^TsIKohk9lKpHGKe
37673;90567;s#nK]%k0Z!ghZo[u0Q7H
51195;19723;wVob#3x3fQiib#X)f8[Z
40237;24585;vT9hpKm^$L7z(!r*6PLv
40986;1036;zle0^mjVWMGjpZ9GWa9N
92321;65982;vY6@1G&VcbrWGWpptW8*
89717;37635;IF#EFbhaa(F!41&XO]UA
66900;59386;A[Ti0rs!@)]q0ObwKtrJ
2486;2245;S#4x60^)*%Vj026S0Z18
34362;72200;#ORaOw2%9a3b4l7Ys%#H
30394;47612;ba)k&e(&$ce9]oKn@Bvb
54028;27641;@f1e5YE*%ky7maDq9nSg
42523;94434;g4xFa!zS3fr(X*U1[$A#
15596;44256;&dMQrOWc#mmZvq#3IxD5
50246;68612;Cb$Hk7K%#*uW*e)qiQYp
20393;95508;$PT(CT9G%k8nH%)OHHG^
81457;21978;I5Ku5]0WovDi^^86J)Ef
89550;33276;)w7JPFQ*uhwmRShZofv(
57336;3185;zNC4OCP7EZBQfv%O187%
53181;47442;q1)rIw2K2D(Xjyxlg8my
11217;89451;bjUJRk@yvumfdAdZY%SP
27808;13038;Or6s9C7a0AIk]%gz@mIg
72868;61206;3aX#]Z4opc8(HQv0QB%5
73318;74674;Ou(99cM%tgcDaV8yQaC&
63229;65473;sB[m]eRshC%hQ)NBr4lb
86481;83225;!ZaZ%ric1GPK[]1dv85Q
63645;77517;c@kEqtxY53rdoYB6by]S
35705;85026;V[]gK3B%@#t$p[$nhWEs
81553;43676;%jit93gV*dJ8kgo*FCrU
38232;85009;dl5uk2P&A&[PeRKjZkHi
8785;49841;%H%6Id6p^Zq!Xn^aPi&U
41496;33759;CkHZsu4v6q!H&PWvcgA*
35605;95089;UHCJWEwI3kBRJGQnG0ng
14862;47626;^jC0TCp4an!vejgV]SWR
25331;64943;^stkwh&fVAHh*%7E&^tF
99901;90619;iv!U0(2Z$G4ojx0OeJ[o
41333;51645;zpt9MIGIVjsykTG2pHnz
32953;94704;wjYEH97f#8OsAcwiwHgl
10500;29257;XLAbinLTjYhV4mvtsp(C
64203;71240;k3d9Y!s4rlD9OXD5rCJx
